File Name,Device_792888129_0_Sensor_0
1.hdf5,280.263916015625
2.hdf5,315.810302734375
3.hdf5,347.91015625
4.hdf5,393.97943115234375
5.hdf5,343.83514404296875
